old_item_code,new_item_code
921,921
320 Emery Sheet,320 Emery Sheet
400 Emery,400 Emery
5099 Normal Sticker (Packaging),5099 Normal Sticker (Packaging)
5099-A,5099-A
5100 Normal Sticker (Packaging),5100 Normal Sticker (Packaging)
5100-A,5100-A
600 Emery,600 Emery
621 0068,621 0068
6903 7205,6903 7205
Acceptance Card (Green),Acceptance Card (Green)
AIR GUN - Plastic  ( ME-ABG04),AIR GUN - Plastic  ( ME-ABG04)
Alcohol / Spray Warning Sticker,Alcohol / Spray Warning Sticker
B_4910,B_4910
B_5022,B_5022
B_50EP02,B_50EP02
B_60103,B_60103
B_6023,B_6023
B_6024,B_6024
B_6025,B_6025
B_6028,B_6028
B_6060,B_6060
B_6122,B_6122
B_65101,B_65101
B_6523,B_6523
B_69221,B_69221
B_70103,B_70103
B_70104,B_70104
B_7022,B_7022
B_7023,B_7023
B_7024,B_7024
B_7025,B_7025
B_70253,B_70253
B_7026,B_7026
B_70EP02,B_70EP02
B_70EP07 CLEANING,B_70EP07 CLEANING
B_75H02,B_75H02
B_8010,B_8010
B_8023,B_8023
B_8025,B_8025
B_80255,B_80255
B_85H01,B_85H01
B_9023,B_9023
B_90H02,B_90H02
B_90NVC01,B_90NVC01
B_BA0127,B_BA0127
B_DH0128,B_DH0128
B_EH0039,B_EH0039
B_EP7003,B_EP7003
Barcode Ribbon Premium Wax 110 mm X 75 Mtrs,Barcode Ribbon Premium Wax 110 mm X 75 Mtrs
BIN -300X200X200,BIN -300X200X200
BIN -400X300X220,BIN -400X300X220
BIN -500X325X100,BIN -500X325X100
BIN -600X400X125,BIN -600X400X125
BIN -600X400X275,BIN -600X400X275
BIO DISPERSANT-OCH-CTC-423,BIO DISPERSANT-OCH-CTC-423
BLANKING CARD 70mm X 60mm ( BLUE ),BLANKING CARD 70mm X 60mm ( BLUE )
BLANKING CARD 70mm X 60mm ( GREEN ),BLANKING CARD 70mm X 60mm ( GREEN )
BT 001,BT 001
C - C27 000 6809,C - C27 000 6809
C_4910,C_4910
C_5022,C_5022
C_50EP02,C_50EP02
C_50V02,C_50V02
C_60103,C_60103
C_6023,C_6023
C_6024,C_6024
C_6025,C_6025
C_6028,C_6028
C_6040,C_6040
C_6060,C_6060
C_60F01,C_60F01
C_6122,C_6122
C_6210,C_6210
C_6510,C_6510
C_65101,C_65101
C_6523,C_6523
C_6540,C_6540
C_6580,C_6580
C_69221,C_69221
C_70103,C_70103
C_70104,C_70104
C_7022,C_7022
C_7023,C_7023
C_7024,C_7024
C_7025,C_7025
C_70253,C_70253
C_70256,C_70256
C_7026,C_7026
C_7040,C_7040
C_70EP02,C_70EP02
C_70EP07,C_70EP07
C_7580,C_7580
C_75H02,C_75H02
C_75H03,C_75H03
C_8010,C_8010
C_8023,C_8023
C_8025,C_8025
C_80255,C_80255
C_80V01,C_80V01
C_85H01,C_85H01
C_9023,C_9023
C_90H02,C_90H02
C_90NVC01,C_90NVC01
C_BA0127,C_BA0127
C_DH0128,C_DH0128
C_EH0039,C_EH0039
C_EP7003,C_EP7003
CARD HOLDER FOR BIN,CARD HOLDER FOR BIN
Carton Box 14x11x8,Carton Box 14x11x8
Carton Box 150 GSM,Carton Box 150 GSM
Carton Box 17x14x12,Carton Box 17x14x12
Carton Box Pad,Carton Box Pad
Carton Box Partition,Carton Box Partition
Castor Wheels,Castor Wheels
Cloth Emery Sheet,Cloth Emery Sheet
CMB_7025,CMB_7025
CMB_70253,CMB_70253
COLOUR WASTE ( BANIAN ),COLOUR WASTE ( BANIAN )
COMPOUND CARD 105mm X 80mm (WHITE ),COMPOUND CARD 105mm X 80mm (WHITE )
COMPOUND CARD 105mm X 80mm (YELLOW ),COMPOUND CARD 105mm X 80mm (YELLOW )
CORROSSION INHIBITOR-OCH-CTC-403,CORROSSION INHIBITOR-OCH-CTC-403
COTTON KNITTED GLOVES,COTTON KNITTED GLOVES
CPAT2C-11A197-BA,CPAT2C-11A197-BA
CPMX7311A120AA,CPMX7311A120AA
Daily Production Report Legal 120 GSM Paper,Daily Production Report Legal 120 GSM Paper
DEALKALIER-OCH-CTC-412,DEALKALIER-OCH-CTC-412
dev.P520,dev.P520
dev.P521,dev.P521
dev.T520,dev.T520
dev.T521,dev.T521
dev.T528,dev.T528
DISABLE,DISABLE
DISABLED - PEG4000,DISABLED - PEG4000
Dust Cover 24 X 48,Dust Cover 24 X 48
Dust Cover 27 X 48,Dust Cover 27 X 48
EN1A ROD,EN1A ROD
ETHYLENE GLYCOL 500 ML,ETHYLENE GLYCOL 500 ML
"EVA BAGS 12""x16""","EVA BAGS 12""x16"""
"EVA BAGS 18"" X 24""","EVA BAGS 18"" X 24"""
"EVA BAGS 8"" X 10""","EVA BAGS 8"" X 10"""
EXPIRY REVIEW CARD 100mm X 130mm Green Colour,EXPIRY REVIEW CARD 100mm X 130mm Green Colour
F1101,F1101
F1113,F1113
F1126,F1126
F1135,F1135
F1136,F1136
F1137,F1137
F1138,F1138
F1139,F1139
F1152,F1152
F1158,F1158
F1168,F1168
F1169,F1169
F1601,F1601
F1602,F1602
F1603,F1603
F1604,F1604
F1605,F1605
F1606,F1606
F1608,F1608
F204,F204
F2438,F2438
F2439,F2439
F2801,F2801
F3401,F3401
F4004,F4004
F4005,F4005
F4006,F4006
F4007,F4007
F4012,F4012
F4015,F4015
F5001,F5001
F5002,F5002
F5003,F5003
F5013,F5013
F5023,F5023
F5024,F5024
F5027,F5027
F5029,F5029
F5035,F5035
F5036,F5036
F5039,F5039
F5040,F5040
F5041,F5041
F5042,F5042
F5043,F5043
F5044,F5044
F5045,F5045
F5046,F5046
F5047,F5047
F5050,F5050
F5051,F5051
F5052,F5052
F5053,F5053
F5059,F5059
F5060,F5060
F5061,F5061
F5062,F5062
F5067,F5067
F5068,F5068
F5071,F5071
F5072,F5072
F5073,F5073
F5079,F5079
F5080,F5080
F5081,F5081
F5082,F5082
F5083,F5083
F5085,F5085
F5086,F5086
F5089,F5089
F5097,F5097
F5102,F5102
F5103,F5103
F5107,F5107
F5112,F5112
F5113,F5113
F5114,F5114
F5115,F5115
F5116,F5116
F5117,F5117
F5118,F5118
F5120,F5120
F5121,F5121
F5122,F5122
F5124,F5124
F5125,F5125
F5129,F5129
F5130,F5130
F5131 A,F5131 A
F5133,F5133
F6070,F6070
F6075,F6075
F6080,F6080
F6090 V,F6090 V
F6095 H,F6095 H
F6095 V,F6095 V
F6100,F6100
F7003,F7003
F7006,F7006
F7010,F7010
F7017,F7017
F7034,F7034
F7035,F7035
F7036,F7036
F7046,F7046
F7047,F7047
F7049,F7049
F7056,F7056
F7065,F7065
F8601,F8601
F8602,F8602
F9027,F9027
F9028,F9028
F9054,F9054
F9100,F9100
F9127,F9127
F9141,F9141
F9143,F9143
F9144,F9144
F9149,F9149
F9150,F9150
F9151,F9151
Face Mask Blue,Face Mask Blue
FB_4910,FB_4910
FB_5022,FB_5022
FB_50EP02,FB_50EP02
FB_50V02,FB_50V02
FB_60103,FB_60103
FB_6023,FB_6023
FB_6024,FB_6024
FB_6025,FB_6025
FB_6028,FB_6028
FB_6060,FB_6060
FB_60F01,FB_60F01
FB_6122,FB_6122
FB_6510,FB_6510
FB_65101,FB_65101
FB_6523,FB_6523
FB_69221,FB_69221
FB_70103,FB_70103
FB_70104,FB_70104
FB_7022,FB_7022
FB_7023,FB_7023
FB_7024,FB_7024
FB_7025,FB_7025
FB_70253,FB_70253
FB_7026,FB_7026
FB_7040 CLEANING,FB_7040 CLEANING
FB_70EP02,FB_70EP02
FB_70EP07,FB_70EP07
FB_7580,FB_7580
FB_75H02,FB_75H02
FB_8010,FB_8010
FB_8023,FB_8023
FB_8025,FB_8025
FB_80255,FB_80255
FB_80V01,FB_80V01
FB_85H01,FB_85H01
FB_9023,FB_9023
FB_90H02,FB_90H02
FB_90NVC01,FB_90NVC01
FB_BA0127,FB_BA0127
FB_DH0128,FB_DH0128
FB_EH0039,FB_EH0039
FB_EP7003,FB_EP7003
FBH001,FBH001
FDS001,FDS001
FDS002,FDS002
Final Batch Identification Tag,Final Batch Identification Tag
Final Inspection Route Card 105mm X 100mm Green Colour,Final Inspection Route Card 105mm X 100mm Green Colour
FOTEK PS-O5N,FOTEK PS-O5N
FP-85-07,FP-85-07
FP-85-17,FP-85-17
FP-86-05,FP-86-05
FP-86-07,FP-86-07
FP-86-12,FP-86-12
FP-86-23,FP-86-23
FP-89-05,FP-89-05
FP-89M-22,FP-89M-22
Gate Pass  Book (3 Colour copies),Gate Pass  Book (3 Colour copies)
GREEN CHANNEL PART TAG 130MM * 100MM (GREEN),GREEN CHANNEL PART TAG 130MM * 100MM (GREEN)
HB-35,HB-35
HEAT TRANSFER OIL S2,HEAT TRANSFER OIL S2
Heater For Rheometer,Heater For Rheometer
HMHD BAGS ( 12X16 HMT ),HMHD BAGS ( 12X16 HMT )
Inprocess Inspection Report F&B 1/4 Each 100 sheets,Inprocess Inspection Report F&B 1/4 Each 100 sheets
Layer Pad 161/2 x 131/4 - 3 Py,Layer Pad 161/2 x 131/4 - 3 Py
LID - 300x200,LID - 300x200
LID - 400X300,LID - 400X300
LID - 500X325,LID - 500X325
LID - 600X400,LID - 600X400
Line Rejection Analaysis Report 1X4 SIZE,Line Rejection Analaysis Report 1X4 SIZE
Lot Inspection Record,Lot Inspection Record
RM 01,M01
M010,M010
M014,M014
RM 02,M02
MF 022,M022
M023,M023
M024,M024
M027,M027
M040,M040
M041,M041
M042,M042
M045,M045
M049,M049
M051,M051
M054,M054
M058,M058
M060,M060
M069,M069
M072,M072
M073,M073
M075,M075
M082,M082
M084,M084
M089,M089
RM 1,M1
M100,M100
MR 102,M102
MR 105,M105
MR 106,M106
MR 107,M107
MR 108,M108
MR 109,M109
MR 110,M110
MR 111,M111
M113,M113
M114,M114
MR 118,M118
MC 12,M12
M120,M120
MR 121,M121
M124,M124
M129,M129
MC 13,M13
MR 131,M131
M132,M132
M134,M134
MR 141,M141
MR 142,M142
MR 145,M145
MR 147,M147
MC 15,M15
MR 151,M151
M155,M155
MR 156,M156
MR 159,M159
MC 16,M16
MR 161,M161
MR 162,M162
MR 163,M163
MR 167,M167
MR 171,M171
M172,M172
MR 173,M173
MR 174,M174
M176,M176
M178,M178
M179,M179
M181,M181
M182,M182
MR 183,M183
MR 185,M185
MR 186,M186
MR 188,M188
MR 191,M191
MR 193,M193
M194,M194
M195,M195
MR 196,M196
MR 197,M197
M198,M198
MR 199,M199
RM 2,M2
MF 200,M200
MF 201,M201
MF 202,M202
MF 203,M203
M204,M204
MF 205,M205
MF 209,M209
MF 21,M21
MF 211,M211
MF 213,M213
MF 214,M214
MF 215,M215
MF 216,M216
MF 217,M217
MF 218,M218
MF 219,M219
MF 220,M220
MF 221,M221
MF 222,M222
MF 223,M223
MF 224,M224
MF 225,M225
MF 226,M226
MF 28,M28
MC 29,M29
RM 3,M3
MC 300,M300
MC 309,M309
MC 312,M312
MC 313,M313
MF 314,M314
MC 320,M320
MC 322,M322
M323,M323
M324,M324
MF 325,M325
M326,M326
MP 327,M327
M328,M328
M329,M329
M330,M330
MC 331,M331
M332,M332
MF 333,M333
M335,M335
MC 337,M337
M338,M338
M339,M339
M340,M340
M341,M341
MF 342,M342
MC 343,M343
MC 344,M344
M345,M345
M347,M347
MC 348,M348
MC 349,M349
MC 35,M35
M350,M350
M352,M352
MF 354,M354
M355,M355
M358,M358
MC 359,M359
MR 360,M360
MC 361,M361
MP 362,M362
MF 364,M364
MC 365,M365
MC 367,M367
MP 368,M368
MF 370,M370
MC 372,M372
MP 373,M373
MC 375,M375
M376,M376
MC 379,M379
MF 381,M381
MF 382,M382
M383,M383
MF 384,M384
MF 385,M385
M387,M387
M388,M388
M389,M389
MC 39,M39
MC 390,M390
MR 395,M395
M396,M396
MC 398,M398
M398,M398
RM 4,M4
M400,M400
MC 405,M405
MP 407,M407
MC 409,M409
M412,M412
MF 413,M413
MC 419,M419
MC 420,M420
M423,M423
M424,M424
M425,M425
M426,M426
M427,M427
M428,M428
MC 430,M430
M431,M431
M434,M434
M435,M435
M436,M436
M437,M437
MC 438,M438
M439,M439
M440,M440
M441,M441
M442,M442
MF 443,M443
MF 444,M444
MP 445,M445
MF 446,M446
MF 447,M447
M448,M448
MF 449,M449
MC 449,M449
MR 450,M450
MP 451,M451
M452,M452
MP 453,M453
MC 454,M454
MF 455,M455
MP 456,M456
MF 458,M458
MC 462,M462
MP 463,M463
MF 464,M464
MF 466,M466
MF 467,M467
MP 47,M47
MC 471,M471
MF 472,M472
MF 473,M473
MF 476,M476
MF 477,M477
MF 478,M478
MC 480,M480
MF 480,M480
MC 481,M481
MP 481,M481
MF 483,M483
MF 484,M484
MF 485,M485
MF 486,M486
MC 487,M487
MF 488,M488
MC 489,M489
MF 491,M491
MC 494,M494
MC 495,M495
MC 496,M496
MP 497,M497
MF 498,M498
MF 499,M499
MC 50,M50
MF 500,M500
MF 501,M501
MF 502,M502
MC 503,M503
MP 504,M504
MF 505,M505
MF 506,M506
MF 507,M507
MF 508,M508
MC 509,M509
MF 510,M510
MP 511,M511
M512,M512
MF 513,M513
MF 514,M514
MP 515,M515
MF 519,M519
MC 52,M52
MF 522,M522
MF 524,M524
MC 525,M525
MF 527,M527
MF 528,M528
MP 529,M529
MF 530,M530
MF 531,M531
MP 532,M532
MF 533,M533
MF 534,M534
MF 535,M535
MF 536,M536
MF 537,M537
MF 539,M539
MF 540,M540
MF 541,M541
MF 542,M542
MF 543,M543
MF 544,M544
MF 545,M545
MP 546,M546
MF 547,M547
MC 550,M550
M551,M551
MC 554,M554
MC 555,M555
MC 557,M557
MC 559,M559
MC 560,M560
MC 563,M563
MC 564,M564
MC 565,M565
MC 567,M567
MC 569,M569
MC 57,M57
MC 570,M570
MP 572,M572
MC 573,M573
MC 574,M574
MC 575,M575
MF 576,M576
MC 577,M577
MC 578,M578
MC 579,M579
MC 580,M580
MC 581,M581
MC 582,M582
MC 583,M583
MC 585,M585
MC 586,M586
MC 588,M588
MC 59,M59
MF 61,M61
MC 63,M63
MC 64,M64
MC 65,M65
MF 67,M67
MC 70,M70
MP 71,M71
MP 72,M72
MC 77,M77
MC 79,M79
MF 86,M86
MR 86,M86
M864-04,M864-04
MF 87,M87
MF 88,M88
MR 900,M900
M9000,M9000
M9001,M9001
MR 901,M901
MR 902,M902
MR 903,M903
MR 904,M904
MR 905,M905
MR 906,M906
MR 907,M907
MR 908,M908
MR 909,M909
MR 910,M910
MR 911,M911
MR 912,M912
MR 913,M913
MR 916,M916
MR 917,M917
MR 918,M918
M918,M918
MR 919,M919
MR 920,M920
MR 921,M921
MR 922,M922
MR 923,M923
MR 924,M924
MR 925,M925
MR 926,M926
MR 927,M927
MR 928,M928
MR 929,M929
MR 930,M930
MR 931,M931
MR 932,M932
MR 933,M933
MR 934,M934
MR 935,M935
MR 936,M936
MR 937,M937
MR 938,M938
MR 939,M939
MR 940,M940
MR 941,M941
MR 942,M942
MR 943,M943
MR 944,M944
MR 945,M945
MR 946,M946
MR 947,M947
MR 948,M948
MC 95,M95
MR 950,M950
MR 951,M951
MR 952,M952
MR 953,M953
MR 954,M954
MR 955,M955
MR 956,M956
MR 957,M957
MR 958,M958
MR 959,M959
MR 960,M960
MR 961,M961
MR 962,M962
MR 963,M963
MR 964,M964
MR 965,M965
MR 966,M966
MR 968,M968
MR 969,M969
MC 97,M97
MR 970,M970
MR 971,M971
MR 973,M973
MR 974,M974
MR 975,M975
MR 976,M976
MR 977,M977
MR 978,M978
MR 979,M979
MR 980,M980
MR 981,M981
MR 982,M982
MR 983,M983
MR 984,M984
MR 985,M985
MR 986,M986
MR 987,M987
MR 988,M988
MAK Hydrol AW 46,MAK Hydrol AW 46
Master Batch Identification Tag,Master Batch Identification Tag
Material,Material
MB_4910,MB_4910
MB_5022,MB_5022
MB_50EP02,MB_50EP02
MB_60103,MB_60103
MB_6023,MB_6023
MB_6024,MB_6024
MB_6025,MB_6025
MB_6028,MB_6028
MB_6060,MB_6060
MB_6122,MB_6122
MB_6510,MB_6510
MB_65101,MB_65101
MB_6523,MB_6523
MB_69221,MB_69221
MB_70103,MB_70103
MB_70104,MB_70104
MB_7022,MB_7022
MB_7023,MB_7023
MB_7024,MB_7024
MB_7025,MB_7025
MB_70253,MB_70253
MB_7026,MB_7026
MB_70EP02,MB_70EP02
MB_75H02,MB_75H02
MB_8010,MB_8010
MB_8023,MB_8023
MB_8025,MB_8025
MB_80255,MB_80255
MB_85H01,MB_85H01
MB_9023,MB_9023
MB_90H02,MB_90H02
MB_90NVC01,MB_90NVC01
MB_BA0127,MB_BA0127
MB_DH0128,MB_DH0128
MB_EH0039,MB_EH0039
MB_EP7003,MB_EP7003
MC  493,MC  493
MC 301,MC 301
MC 310,MC 310
MC 457,MC 457
MC 465,MC 465
MC 482,MC 482
MC 490,MC 490
MC 492,MC 492
MC 516,MC 516
MC 517,MC 517
MC 538,MC 538
MC 548,MC 548
MC 549,MC 549
MC 552,MC 552
MC 553,MC 553
MC 556,MC 556
MC 566,MC 566
MC 568,MC 568
MC 571,MC 571
MC 584,MC 584
MC 597,M597
MC 600,M600
METAL SHELL IDENTIFICATION CARD 100mm X 90mm (Green),METAL SHELL IDENTIFICATION CARD 100mm X 90mm (Green)
MF476,MF476
MORLINA S1 B 100,MORLINA S1 B 100
MOULD LOADING 1/4 Each 100 sheets,MOULD LOADING 1/4 Each 100 sheets
MOULD UNLOADING 1/4 Each 100 sheets,MOULD UNLOADING 1/4 Each 100 sheets
MR920,MR920
MR950,MR950
MS 4015,MS 4015
MS 7003,MS 7003
MS 7006,MS 7006
MS 7010,MS 7010
MS 8403,MS 8403
MS 8602,MS 8602
MS Materials,MS Materials
MS4015,MS4015
RM5 Test,MTest
RM4 Test,MTest
RM3 Test,MTest
RM2 Test,MTest
RM1 Test,MTest
NB-21017,NB-21017
NB12004,NB12004
NB12005,NB12005
NB12006,NB12006
NB12008,NB12008
NW1050011,NW1050011
NYLON DUCT FOR VIBRATION SIEVE(Φ100),NYLON DUCT FOR VIBRATION SIEVE(Φ100)
Online Inspection Record (2 Press),Online Inspection Record (2 Press)
Online Inspection Record (Single Press),Online Inspection Record (Single Press)
OP-382.09,OP-382.09
OP-693-11,OP-693-11
OP-977-05,OP-977-05
OXIDISING BIOCIDE-OCH-CTC-421,OXIDISING BIOCIDE-OCH-CTC-421
P107,P107
P1101,P1101
P1102,P1102
P1103,P1103
P1104,P1104
P1105,P1105
P1108,P1108
P1109,P1109
P1112,P1112
P1113,P1113
P1126,P1126
P1127,P1127
P1135,P1135
P1136,P1136
P1137,P1137
P1138,P1138
P1139,P1139
P1140,P1140
P1141,P1141
P1142,P1142
P1143,P1143
P1144,P1144
P1145,P1145
P1147,P1147
P1148,P1148
P1149,P1149
P1152,P1152
P1153,P1153
P1156,P1156
P1157,P1157
P1158,P1158
P1161,P1161
P1162,P1162
P1164,P1164
P1165,P1165
P1166,P1166
P1167,P1167
P1168,P1168
P1169,P1169
P1171,P1171
P1172,P1172
P1173,P1173
P1174,P1174
P1175,P1175
P1601,P1601
P1602,P1602
P1603,P1603
P1604,P1604
P1605,P1605
P1606,P1606
P1607,P1607
P1608,P1608
P204,P204
P225,P225
P2401,P2401
P2403,P2403
P2404,P2404
P2406,P2406
P2407,P2407
P2408,P2408
P2409,P2409
P2410,P2410
P2413,P2413
P2415,P2415
P2419,P2419
P2420,P2420
P2421,P2421
P2423,P2423
P2424,P2424
P2426,P2426
P2427,P2427
P2429,P2429
P2430,P2430
P2432,P2432
P2435,P2435
P2436,P2436
P2437,P2437
P2438,P2438
P2439,P2439
P2443,P2443
P2446,P2446
P2447,P2447
P2452,P2452
P2596,P2596
P2801,P2801
P2802,P2802
P3401,P3401
P3402,P3402
P3802,P3802
P4003,P4003
P4004,P4004
P4005,P4005
P4006,P4006
P4007,P4007
P4010,P4010
P4011,P4011
P4012,P4012
P4015,P4015
P4018,P4018
P4019,P4019
P4401,P4401
P4402,P4402
P4403,P4403
P477,P477
P4801,P4801
P5001,P5001
P5002,P5002
P5003,P5003
P5013,P5013
P5016,P5016
P5019,P5019
P5020,P5020
P5023,P5023
P5024,P5024
P5025,P5025
P5027,P5027
P5029,P5029
P5033,P5033
P5034,P5034
P5035,P5035
P5036,P5036
P5039,P5039
P5040,P5040
P5041,P5041
P5042,P5042
P5043,P5043
P5044,P5044
P5045,P5045
P5046,P5046
P5047,P5047
P5048,P5048
P5049,P5049
P5050,P5050
P5051,P5051
P5052,P5052
P5053,P5053
P5055,P5055
P5057,P5057
P5059,P5059
P5060,P5060
P5061,P5061
P5062,P5062
P5065,P5065
P5066,P5066
P5067,P5067
P5068,P5068
P5071,P5071
P5072,P5072
P5073,P5073
P5074,P5074
P5075,P5075
P5077,P5077
P5078,P5078
P5079,P5079
P5080,P5080
P5081,P5081
P5082,P5082
P5083,P5083
P5085,P5085
P5086,P5086
P5089,P5089
P5090,P5090
P5091,P5091
P5092,P5092
P5097,P5097
P5098,P5098
P5101,P5101
P5102,P5102
P5103,P5103
P5105,P5105
P5107,P5107
P5109,P5109
P5110,P5110
P5111,P5111
P5112,P5112
P5113,P5113
P5114,P5114
P5115,P5115
P5116,P5116
P5117,P5117
P5118,P5118
P5120,P5120
P5121,P5121
P5122,P5122
P5123,P5123
P5124,P5124
P5125,P5125
P5127,P5127
P5129,P5129
P5130,P5130
P5131 A,P5131 A
P5132,P5132
P5133,P5133
P5401,P5401
P5602,P5602
P6070,P6070
P6075,P6075
P6080,P6080
P6090,P6090
P6090 H,P6090 H
P6090 V,P6090 V
P6095,P6095
P6095 H,P6095 H
P6095 V,P6095 V
P6100,P6100
P6401,P6401
P6402,P6402
P6403,P6403
P6523,P6523
P7001,P7001
P7003,P7003
P7006,P7006
P7008,P7008
P7010,P7010
P7017,P7017
P7021,P7021
P7022,P7022
P7024-H,P7024-H
P7025-E,P7025-E
P7026-H,P7026-H
P7027,P7027
P7032,P7032
P7033,P7033
P7034,P7034
P7035,P7035
P7036,P7036
P7037,P7037
P7038,P7038
P7039,P7039
P7040,P7040
P7041,P7041
P7042,P7042
P7044,P7044
P7045,P7045
P7046,P7046
P7047,P7047
P7049,P7049
P7050,P7050
P7056,P7056
P7057,P7057
P7058,P7058
P7059,P7059
P7060,P7060
P7061,P7061
P7062,P7062
P7063,P7063
P7065,P7065
P7066,P7066
P7067,P7067
P7068,P7068
P7801,P7801
P8401,P8401
P8402,P8402
P8403,P8403
P8601,P8601
P8602,P8602
P8603,P8603
P8604,P8604
P8605,P8605
P8606,P8606
P8801,P8801
P8802,P8802
P9023,P9023
P9024,P9024
P9027,P9027
P9028,P9028
P9054,P9054
P9100,P9100
P9104,P9104
P9125,P9125
P9127,P9127
P9136,P9136
P9141,P9141
P9142,P9142
P9143,P9143
P9144,P9144
P9145,P9145
P9146,P9146
P9147,P9147
P9148,P9148
P9149,P9149
P9150,P9150
P9151,P9151
P9152,P9152
P9158,P9158
P9159,P9159
P9160,P9160
P9161,P9161
P9162,P9162
P9163,P9163
P9164,P9164
P9165,P9165
P9166,P9166
P9167,P9167
P9168,P9168
P9169,P9169
P9170,P9170
P9171,P9171
P9172,P9172
P9401,P9401
Partition 30 Room - 3 Py,Partition 30 Room - 3 Py
PBH001,PBH001
PBH002,PBH002
PC MEDIA,PC MEDIA
PC MEDIA WHITE,PC MEDIA WHITE
PDS001,PDS001
PDS002,PDS002
Plain Barcode Labels - 100 X 100 (500 / Roll),Plain Barcode Labels - 100 X 100 (500 / Roll)
Plain Barcode Labels - 75 X 75 (500 / Roll),Plain Barcode Labels - 75 X 75 (500 / Roll)
PLAIN CARD 100mm X 100mm (BLUE ),PLAIN CARD 100mm X 100mm (BLUE )
PLAIN CARD 100mm X 100mm (GREEN ),PLAIN CARD 100mm X 100mm (GREEN )
PLAIN CARD 105mm X 80mm (GREEN),PLAIN CARD 105mm X 80mm (GREEN)
PLAIN CARD 105mm X 85mm (BLUE),PLAIN CARD 105mm X 85mm (BLUE)
PLAIN CARD 20mm X 50mm (GREEN ),PLAIN CARD 20mm X 50mm (GREEN )
PLAIN CARD 30mm X 40mm (BLUE ),PLAIN CARD 30mm X 40mm (BLUE )
PLAIN CARD 30mm X 40mm (GREEN ),PLAIN CARD 30mm X 40mm (GREEN )
PLAIN CARD 30mm X 40mm (PINK),PLAIN CARD 30mm X 40mm (PINK)
PLAIN CARD 40mm X 30mm (YELLOW ),PLAIN CARD 40mm X 30mm (YELLOW )
PLAIN CARD 40mm X 60mm (YELLOW ),PLAIN CARD 40mm X 60mm (YELLOW )
Polyethylene Film Blue Semi Embossed film 600 mm x 120 mic - 1roll,Polyethylene Film Blue Semi Embossed film 600 mm x 120 mic - 1roll
Polyethylene Film Utility Green Semi Embossed Film Of Size 600 mm x 120 mic - 1roll,Polyethylene Film Utility Green Semi Embossed Film Of Size 600 mm x 120 mic - 1roll
Polyethylene Film White Semi Embossed film 600 mm x 120 mic - 1roll,Polyethylene Film White Semi Embossed film 600 mm x 120 mic - 1roll
POLYTHENE 24X36 LD T,POLYTHENE 24X36 LD T
POLYTHENE 27X48 BLACK BAG,POLYTHENE 27X48 BLACK BAG
POLYTHENE 27X48 LD T,POLYTHENE 27X48 LD T
POLYTHENE 72B,POLYTHENE 72B
POLYTHENE 72G,POLYTHENE 72G
POLYTHENE BAGS 10 X 12 LD T,POLYTHENE BAGS 10 X 12 LD T
POLYTHENE BAGS 12 X 16 HM,POLYTHENE BAGS 12 X 16 HM
POLYTHENE BAGS 12 X 16 LD T,POLYTHENE BAGS 12 X 16 LD T
POLYTHENE BAGS 14 X 18 LD T,POLYTHENE BAGS 14 X 18 LD T
POLYTHENE BAGS 18 X 24 LD T,POLYTHENE BAGS 18 X 24 LD T
POLYTHENE BAGS 18 X 24 LDN,POLYTHENE BAGS 18 X 24 LDN
POLYTHENE BAGS 3X4 LD T,POLYTHENE BAGS 3X4 LD T
POLYTHENE BAGS 4 X 5 LD N,POLYTHENE BAGS 4 X 5 LD N
POLYTHENE BAGS 5 X 7 LD T,POLYTHENE BAGS 5 X 7 LD T
POLYTHENE BAGS 8 X 10 LD T,POLYTHENE BAGS 8 X 10 LD T
POLYTHENE BAGS 8 X 10 LDN,POLYTHENE BAGS 8 X 10 LDN
POLYTHENE BLUE BAG,POLYTHENE BLUE BAG
Post Curing Card,Post Curing Card
Production Root Card 105mm X 100mm Green Colour,Production Root Card 105mm X 100mm Green Colour
Production Root Card 105mm X 80mm Blue Colour,Production Root Card 105mm X 80mm Blue Colour
Production Root Card 105mm X 80mm Yellow Colour,Production Root Card 105mm X 80mm Yellow Colour
PRODUCTION ROOT CARD 105mm X 95mm (BLUE),PRODUCTION ROOT CARD 105mm X 95mm (BLUE)
PRODUCTION ROOT CARD 105mm X 95mm (YELLOW),PRODUCTION ROOT CARD 105mm X 95mm (YELLOW)
Production Route Card With Post Curing (100mm X 100mm White Colour),Production Route Card With Post Curing (100mm X 100mm White Colour)
Production Route Card Without Post Curing (100mm X 100mm Green Colour),Production Route Card Without Post Curing (100mm X 100mm Green Colour)
PRODUCTION TAG SHIFT CLOSING 100mm X 100mm (GREEN ),PRODUCTION TAG SHIFT CLOSING 100mm X 100mm (GREEN )
QC OK STICKER - BIG  30mm X 30mm ( GREEN ),QC OK STICKER - BIG  30mm X 30mm ( GREEN )
QC OK STICKER 10mm X 10mm ( GREEN ),QC OK STICKER 10mm X 10mm ( GREEN )
Rejection Box,Rejection Box
Rejection Card (RED),Rejection Card (RED)
RM01,RM01
RM02,RM02
RM03,RM03
RM04,RM04
RM05,RM05
RM06,RM06
RUBBER COMPOUND MIXING- WORK SHEET-A4 BOOK,RUBBER COMPOUND MIXING- WORK SHEET-A4 BOOK
Safety Shoe,Safety Shoe
SAVSOL GEAR OIL 320 EP,SAVSOL GEAR OIL 320 EP
SCALE & CORROSSION INHIBITOR-OCH-CTC-401,SCALE & CORROSSION INHIBITOR-OCH-CTC-401
SCALE &CORROSSION-CHILLER,SCALE &CORROSSION-CHILLER
SCOTCH BRITE ( Multi Purpose Hand Pad 6x9),SCOTCH BRITE ( Multi Purpose Hand Pad 6x9)
SCRAP0123,SCRAP0123
SFL -RCA TAG 125mm * 97mm (BLUE),SFL -RCA TAG 125mm * 97mm (BLUE)
SH-FP-12,SH-FP-12
Silicon Vacuum beading,Silicon Vacuum beading
Splash Glass 3M,Splash Glass 3M
SS ROD,SS ROD
SS SHEET,SS SHEET
STICKER 95mm X 95mm ( BLANK ),STICKER 95mm X 95mm ( BLANK )
STRIPPING BAG ( 300X350X400 - MILITARY GREEN ),STRIPPING BAG ( 300X350X400 - MILITARY GREEN )
STRIPPING BAG ( 350X350X450 - MILITARY GREEN ),STRIPPING BAG ( 350X350X450 - MILITARY GREEN )
t.F4007,t.F4007
t.F4012,t.F4012
t.F4022,t.F4022
t.F5060,t.F5060
t.P2438,t.P2438
t.P4007,t.P4007
t.P4012,t.P4012
t.P4022,t.P4022
t.P4023,t.P4023
t.P5060,t.P5060
t.P5078,t.P5078
t.P5116,t.P5116
t.P5121,t.P5121
t.P5206,t.P5206
t.P5209,t.P5209
t.P5210,t.P5210
t.P5215,t.P5215
t.P5218,t.P5218
t.P8605,t.P8605
t.P8606,t.P8606
t.P8607,t.P8607
t.P9165,t.P9165
t.P9166,t.P9166
t.PBH003,t.PBH003
t.PBH004,t.PBH004
t.PBH005,t.PBH005
t.PBH006,t.PBH006
t.PDS001,t.PDS001
t.PDS002,t.PDS002
t.T2438,t.T2438
t.T4007,t.T4007
t.T4012,t.T4012
t.T4022,t.T4022
t.T4023,t.T4023
t.T5060,t.T5060
t.T5078,t.T5078
t.T5116,t.T5116
t.T5121,t.T5121
t.T8605,t.T8605
t.T8606,t.T8606
t.T8607,t.T8607
t.T9165,t.T9165
t.T9166,t.T9166
t.TBH003,t.TBH003
t.TBH004,t.TBH004
t.TDS001,t.TDS001
t.TDS002,t.TDS002
T1,T1
T1101,T1101
T1113,T1113
T1126,T1126
T1135,T1135
T1136,T1136
T1137,T1137
T1139,T1139
T1152,T1152
T1158,T1158
T1165,T1165
T1166,T1166
T1168,T1168
T1169,T1169
T1601,T1601
T1602,T1602
T1603,T1603
T1604,T1604
T1605,T1605
T1606,T1606
T1608,T1608
T2,T2
T204,T204
T2419,T2419
T2437,T2437
T2438,T2438
T2439,T2439
T2801,T2801
T3,T3
T3401,T3401
T3402,T3402
T4,T4
T4004,T4004
T4005,T4005
T4006,T4006
T4007,T4007
T4011,T4011
T4012 TI,T4012 TI
T4015,T4015
T5,T5
T5001,T5001
T5002,T5002
T5003,T5003
T5013,T5013
T5019,T5019
T5024,T5024
T5027,T5027
T5029,T5029
T5035,T5035
T5036,T5036
T5039,T5039
T5040,T5040
T5041,T5041
T5042,T5042
T5043,T5043
T5044,T5044
T5045,T5045
T5046,T5046
T5047,T5047
T5049,T5049
T5050,T5050
T5051,T5051
T5052,T5052
T5053,T5053
T5059,T5059
T5060,T5060
T5061,T5061
T5067,T5067
T5068,T5068
T5071,T5071
T5072,T5072
T5073,T5073
T5079,T5079
T5080,T5080
T5081,T5081
T5082,T5082
T5083,T5083
T5085,T5085
T5086,T5086
T5089,T5089
T5097,T5097
T5098,T5098
T5102,T5102
T5103,T5103
T5107,T5107
T5109,T5109
T5112,T5112
T5113,T5113
T5114,T5114
T5115,T5115
T5116,T5116
T5117,T5117
T5118,T5118
T5120,T5120
T5121,T5121
T5122,T5122
T5124,T5124
T5125,T5125
T5127,T5127
T5129,T5129
T5130,T5130
T5131A,T5131A
T5132,T5132
T5133,T5133
T5401,T5401
T6,T6
T6070,T6070
T6075,T6075
T6080,T6080
T6090 H,T6090 H
T6090 V,T6090 V
T6095 H,T6095 H
T6095 V,T6095 V
T6100,T6100
T7003,T7003
T7006,T7006
T7010,T7010
T7034,T7034
T7035,T7035
T7040,T7040
T7046,T7046
T7047,T7047
T7049,T7049
T7056,T7056
T7058,T7058
T7059,T7059
T8601,T8601
T8602,T8602
T8603,T8603
T9027,T9027
T9028,T9028
T9054,T9054
T9100,T9100
T9127,T9127
T9141,T9141
T9143,T9143
T9144,T9144
T9149,T9149
T9150,T9150
T9151,T9151
T9164,T9164
T9167,T9167
T9168,T9168
T9169,T9169
T9170,T9170
T9171,T9171
TBH001,TBH001
TBH002,TBH002
TDS001,TDS001
TDS002,TDS002
Thermal Sticker Roll – 56X110mm ( Accessory for Essae Teraoka Electronic Weighing Scale),Thermal Sticker Roll – 56X110mm ( Accessory for Essae Teraoka Electronic Weighing Scale)
Trial B_40EP01,Trial B_40EP01
Trial B_4910,Trial B_4910
Trial B_50C02,Trial B_50C02
Trial B_50EP02,Trial B_50EP02
Trial B_50N02,Trial B_50N02
Trial B_55EP01,Trial B_55EP01
Trial B_60103,Trial B_60103
Trial B_6025,Trial B_6025
Trial B_60AC01,Trial B_60AC01
Trial B_60AC02,Trial B_60AC02
Trial B_60C01,Trial B_60C01
Trial B_60EP04,Trial B_60EP04
Trial B_60H02,Trial B_60H02
Trial B_60H03,Trial B_60H03
Trial B_60N01,Trial B_60N01
Trial B_6210,Trial B_6210
Trial B_65EP02,Trial B_65EP02
Trial B_69221,Trial B_69221
Trial B_70103,Trial B_70103
Trial B_70104,Trial B_70104
Trial B_7022,Trial B_7022
Trial B_70256,Trial B_70256
TRIAL B_70AC02,TRIAL B_70AC02
TRIAL B_70AC03,TRIAL B_70AC03
Trial B_70EC01,Trial B_70EC01
TRIAL B_70EP02,TRIAL B_70EP02
Trial B_70EP07,Trial B_70EP07
Trial B_70H03,Trial B_70H03
Trial B_75H01,Trial B_75H01
Trial B_75H03,Trial B_75H03
Trial B_80EP02,Trial B_80EP02
Trial B_85H01,Trial B_85H01
Trial B_9023,Trial B_9023
Trial B_90H02,Trial B_90H02
Trial B_BG0083,Trial B_BG0083
Trial B_BG0098,Trial B_BG0098
Trial B_BG0100,Trial B_BG0100
TRIAL B_DH0128,TRIAL B_DH0128
Trial B_EH0039,Trial B_EH0039
Trial B_EP7003,Trial B_EP7003
Trial C_40EP01,Trial C_40EP01
Trial C_4910,Trial C_4910
Trial C_50C02,Trial C_50C02
Trial C_50EP02,Trial C_50EP02
Trial C_50N02,Trial C_50N02
TRIAL C_50V03,TRIAL C_50V03
Trial C_55EP01,Trial C_55EP01
Trial C_60103,Trial C_60103
Trial C_6025,Trial C_6025
Trial C_6040,Trial C_6040
Trial C_60AC01,Trial C_60AC01
Trial C_60AC02,Trial C_60AC02
Trial C_60C01,Trial C_60C01
Trial C_60EP04,Trial C_60EP04
Trial C_60F03,Trial C_60F03
Trial C_60H02,Trial C_60H02
Trial C_60H03,Trial C_60H03
Trial C_6210,Trial C_6210
Trial C_6540,Trial C_6540
Trial C_65EP02,Trial C_65EP02
TRIAL C_65V02,TRIAL C_65V02
Trial C_69221,Trial C_69221
Trial C_70103,Trial C_70103
Trial C_70104,Trial C_70104
Trial C_7022,Trial C_7022
Trial C_70256,Trial C_70256
Trial C_7040,Trial C_7040
TRIAL C_70AC03,TRIAL C_70AC03
Trial C_70EC01,Trial C_70EC01
Trial C_70EP02,Trial C_70EP02
Trial C_70EP07,Trial C_70EP07
Trial C_70H03,Trial C_70H03
Trial C_70V02,Trial C_70V02
Trial C_75H01,Trial C_75H01
Trial C_75H03,Trial C_75H03
Trial C_80V03,Trial C_80V03
Trial C_85H01,Trial C_85H01
Trial C_9023,Trial C_9023
Trial C_90H02,Trial C_90H02
Trial C_BG0098,Trial C_BG0098
Trial C_BG0100,Trial C_BG0100
TRIAL C_DH0128,TRIAL C_DH0128
Trial C_EH0039,Trial C_EH0039
Trial C_EP7003,Trial C_EP7003
Trial FB_40EP01,Trial FB_40EP01
Trial FB_4910,Trial FB_4910
Trial FB_50C02,Trial FB_50C02
Trial FB_50EP02,Trial FB_50EP02
Trial FB_50N02,Trial FB_50N02
TRIAL FB_50V03,TRIAL FB_50V03
Trial FB_55EP01,Trial FB_55EP01
Trial FB_60103,Trial FB_60103
Trial FB_6025,Trial FB_6025
Trial FB_6040,Trial FB_6040
Trial FB_60AC01,Trial FB_60AC01
Trial FB_60AC02,Trial FB_60AC02
Trial FB_60C01,Trial FB_60C01
Trial FB_60EP04,Trial FB_60EP04
Trial FB_60F03,Trial FB_60F03
Trial FB_60H02,Trial FB_60H02
Trial FB_60H03,Trial FB_60H03
Trial FB_60N01,Trial FB_60N01
Trial FB_6210,Trial FB_6210
Trial FB_6540,Trial FB_6540
Trial FB_65EP02,Trial FB_65EP02
TRIAL FB_65V02,TRIAL FB_65V02
Trial FB_69221,Trial FB_69221
Trial FB_70103,Trial FB_70103
Trial FB_70104,Trial FB_70104
Trial FB_7022,Trial FB_7022
Trial FB_70256,Trial FB_70256
Trial FB_7040,Trial FB_7040
TRIAL FB_70AC02,TRIAL FB_70AC02
TRIAL FB_70AC03,TRIAL FB_70AC03
Trial FB_70EC01,Trial FB_70EC01
TRIAL FB_70EP02,TRIAL FB_70EP02
Trial FB_70EP07,Trial FB_70EP07
Trial FB_70H03,Trial FB_70H03
Trial FB_70V02,Trial FB_70V02
Trial FB_75H01,Trial FB_75H01
Trial FB_75H03,Trial FB_75H03
Trial FB_80EP02,Trial FB_80EP02
Trial FB_80V03,Trial FB_80V03
Trial FB_85H01,Trial FB_85H01
Trial FB_9023,Trial FB_9023
Trial FB_90H02,Trial FB_90H02
Trial FB_BG0083,Trial FB_BG0083
Trial FB_BG0098,Trial FB_BG0098
Trial FB_BG0100,Trial FB_BG0100
TRIAL FB_DH0128,TRIAL FB_DH0128
Trial FB_EH0039,Trial FB_EH0039
Trial FB_EP7003,Trial FB_EP7003
Trial MB_40EP01,Trial MB_40EP01
Trial MB_4910,Trial MB_4910
Trial MB_50C02,Trial MB_50C02
Trial MB_50EP02,Trial MB_50EP02
Trial MB_50N02,Trial MB_50N02
Trial MB_55EP01,Trial MB_55EP01
Trial MB_60103,Trial MB_60103
Trial MB_6025,Trial MB_6025
Trial MB_60AC01,Trial MB_60AC01
Trial MB_60AC02,Trial MB_60AC02
Trial MB_60C01,Trial MB_60C01
Trial MB_60EP04,Trial MB_60EP04
Trial MB_60H02,Trial MB_60H02
Trial MB_60H03,Trial MB_60H03
Trial MB_60N01,Trial MB_60N01
Trial MB_6210,Trial MB_6210
Trial MB_65EP02,Trial MB_65EP02
Trial MB_69221,Trial MB_69221
Trial MB_70103,Trial MB_70103
Trial MB_70104,Trial MB_70104
Trial MB_7022,Trial MB_7022
Trial MB_70256,Trial MB_70256
TRIAL MB_70AC03,TRIAL MB_70AC03
Trial MB_70EC01,Trial MB_70EC01
TRIAL MB_70EP02,TRIAL MB_70EP02
Trial MB_70EP07,Trial MB_70EP07
Trial MB_70H03,Trial MB_70H03
Trial MB_75H01,Trial MB_75H01
Trial MB_75H03,Trial MB_75H03
Trial MB_80EP02,Trial MB_80EP02
Trial MB_85H01,Trial MB_85H01
Trial MB_9023,Trial MB_9023
Trial MB_90H02,Trial MB_90H02
Trial MB_BG0083,Trial MB_BG0083
Trial MB_BG0098,Trial MB_BG0098
Trial MB_BG0100,Trial MB_BG0100
Trial MB_DH0128,Trial MB_DH0128
Trial MB_EH0039,Trial MB_EH0039
Trial MB_EP7003,Trial MB_EP7003
Trial P7006,Trial P7006
Trial P7056,Trial P7056
TROLLEY WHEEL,TROLLEY WHEEL
TROLLEY WHEEL  ( 6x2 ),TROLLEY WHEEL  ( 6x2 )
WHITE BANIAN GLOVES,WHITE BANIAN GLOVES
WHITE COTTON GLOVES,WHITE COTTON GLOVES
WHITE WASTE,WHITE WASTE
WK-977-05,WK-977-05
WK938M1-08,WK938M1-08
Yellow Card,Yellow Card
Trial FB_6028,FB_6028
Trial B_90N02,B_90N02
Trial C_7025,C_7025
Trial C_6028,C_6028
Trial B_70EP06,B_70EP06
Trial FB_90N02,FB_90N02
Trial B_6028,B_6028
Trial MB_90N02,MB_90N02
Trial FB_70EP06,FB_70EP06
TRIAL B_60H01,B_60H01
Trial FB_50EP01,FB_50EP01
Trial FB_7025,FB_7025
TRIAL C_60H01,C_60H01
Trial MB_7025,MB_7025
TRIAL MB_60H01,MB_60H01
Trial MB_70EP06,MB_70EP06
Trial C_70EP06,C_70EP06
Trial MB_50EP01,MB_50EP01
Trial MB_6028,MB_6028
Trial C_90N02,C_90N02
Trial C_BG0083,C_BG0083
Trial B_50EP01,B_50EP01
Trial C_50EP01,C_50EP01
TRIAL FB_60H01,FB_60H01
Trial B_7025,B_7025
t.F3402,F3402
t.F8606,F8606
t.T5044,T5044
t.F5044,F5044
t.T4024,T4024
t.P4025,P4025
t.T3402,T3402
t.T1177,T1177
t.P3402,P3402
t.F4025,F4025
t.T4025,T4025
t.P5044,P5044
FB_7040,FB_7040
F7058,F7058
FB_BG0083v2,FB_BG0083v2
T8606,T8606
P4020,P4020
MB_BG0083v2,MB_BG0083v2
T7057,T7057
F5401,F5401
B_70EP07,B_70EP07
B_40EP01,B_40EP01
MB_70EP07,MB_70EP07
F4010,F4010
FB_70V02,FB_70V02
F6090 H,F6090 H
B_6510,B_6510
B_75H01,B_75H01
B_6210,B_6210
F5132,F5132
T7039,T7039
C_40EP01,C_40EP01
F4011,F4011
F8603,F8603
T4020,T4020
T5214,T5214
C_75H01,C_75H01
F9164,F9164
F5109,F5109
F8605,F8605
MB_40EP01,MB_40EP01
FB_75H01,FB_75H01
MB_75H01,MB_75H01
F8402,F8402
MB_6210,MB_6210
T8605,T8605
T8402,T8402
P5214,P5214
F2437,F2437
B_70256,B_70256
T4010,T4010
F7059,F7059
T5111,T5111
C_70V02,C_70V02
FB_40EP01,FB_40EP01
T5055,T5055
FB_6210,FB_6210
dev.T612,T612
MSPA 2437,MSPA_2437
FB_2222 CLEANING COMPOUND,CLEANING_COMPOUND
t.T5402,T5402
t.T9173,T9173
t.T1176,T1176
t.P4024,P4024
t.P9173,P9173
t.P5402,P5402
t.P1176,P1176
t.P1177,P1177
MC 591,M591
MC 596,M596
MC 590,M590
Instruments,Instruments
POLYTHENE BAGS,POLYTHENE BAGS 16X18 LD
MC 598,M598
MC 592,M592
MC 595,M595
MC 594,M594