Old Supplier,New Supplier
S-223,Kuraray India Private Limited
S-222,S Y Industries
S-221,Pentagon Weighing System
S-220,#N/A
S-219,Sri Karthi Metal Finishers
S-218,VELL TECH INDUSTRIES
S-217,Classic Polymers & Resins
S-216,Sri Vinayaga Surface Treaters
S-215,Amkette Analytics Limited
S-214,Locus Systems
S-213,Mahalakshmi Bright Steel Industries Private Limited
S-212,Olitec Solar 
S-211,Esjay Enterprises
S-210,PM Speciality Coatings
S-209,R.K. Enterprises
S-208,A.V.Engineering Works
S-207,Integra Teknomate
S-206,Dharshini Engineering Works
S-205,Rasiga Printers
S-204,Om Muruga Industries
S-203,Gsons Industries Private Limited
S-202,Sri Ganapathi Steels
S-201,Skandia Cutting Dies Private Limited
S-200,Silcare Speciality Chemicals
S-199,Kloeckner Desma Machinery Pvt Ltd
S-198,Unique Measurement Service
S-197,Tuv Rheinland (India) Private Limited
S-196,Surya Hard Chrome
S-195,Potenss Industrial Rubber
S-194,Ikea India Private Limited
S-193,Arul Engineering Works
S-192,Expert Corporate Solutions
S-191,Chime Polymers Private Limited
S-190,Nisblast PEGE System Inc
S-189,Balaji Industries
S-188,Nippon Plastics
S-187,Abs Instruments Private Limited
S-186,VHS Techno-Plast
S-185,Acura Engineering
S-184,S.N. Industrial Heaters And Controllers
S-183,Madras Creatives Llp
S-182,Wittas Sports Wear
S-181,Manisha Metal & Co
S-180,Archana Enterprises
S-179,Maeon Laboratories Llp
S-178,Aero Equip
S-177,Selva Balaji Engineering Works
S-176,Dnv Business Assurance India Private Limited
S-175,Usha Fire Safety Equipments Private Limited
S-174,Ess Enterprises
S-173,P J Industries
S-172,Seenu Transports Private Limited
S-171,Amtech Elastomeric Products Limited
S-170,Pact Power Solutions Llp
S-169,#N/A
S-168,K.R.D Enterprises
S-167,Ecaps Computers India Private Limited
S-166,R R Embossed Films
S-165,Cryonet
S-164,#N/A
S-163,Chennai Esecurity Solutions Private Limited
S-162,V Tech Engineering
S-161,Och Chemicals & Systems
S-160,Suren Cartonss
S-159,T.R.Industries
S-158,I P Tools
S-157,Ram-Nath and Company Private Limited
S-156,S.K.Trading Company
S-155,Jbm Technoplast
S-154,Mahatha Petroleum Private Limited
S-153,Necco Tools
S-152,Apcotex Industries Limited
S-151,Nocil Limited
S-081,Apcotex Industries Limited
S-066,Genx Tools
S-069,Maeon Laboratories
S-071,Annai Laser Tech
S-072,Pumka Industries
S-073,Amar Systems & Products
S-075,McAl Calibration Services
S-076,Sastha Equipments
S-077,Sipcon Technologies Pvt Ltd
S-078,#N/A
S-079,Shivam Electronics
S-080,Truewill Packaging
S-082,Chevro Fabrication Works
S-083,Ambattur Industrail Estate Manufacturers Association
S-084,#N/A
S-085,V2J Enterprises
S-086,Icici Bank Limited
S-087,Icici Bank Limited
S-088,Esteem Enterprises
S-089,Eyeful Optometry Clinic
S-090,S K Rajan and Associates
S-091,Bajaj Allianz General Insurance Co Ltd
S-092,Doman Security Services Private Limited
S-093,Padma Holdings
S-094,#N/A
S-095,#N/A
S-096,Rajapandi P
S-097,G1 It Services
S-098,#N/A
S-099,Bhavani Tools
S-100,Hari & Eswaran
S-101,Meera Laser Solutions Private Limited
S-103,Shakthi Printers
S-104,R K Coffee Industries
S-105,Andavar Purified Water Co
S-106,Andavar Purified Water Co
S-107,True Tech Engineering
S-108,Acctra Plastic Industries
S-109,Ramdev Electricals
S-110,Maruthi Electricals
S-111,Microlab
S-112,Sathappan
S-113,Appario Retail Private Limited
S-114,Power Mack Electrical Services
S-115,V.S. Enterprises
S-116,#N/A
S-117,#N/A
S-118,#N/A
S-119,#N/A
S-120,Frappe Technologies Private Limited
S-121,Savex Technologies Private Limited
S-122,Rethink Technosolutions
S-123,Shaktiman Equipments Pvt Ltd
S-124,Xcite Business Solutions
S-125,Ando Equipments
S-126,Ambaal Electrical
S-127,Q Way Instruments Services
S-128,#N/A
S-129,#N/A
S-130,Prima Medi
S-131,Kitson Bearings
S-132,#N/A
S-133,Delta Peripherals
S-134,Universal Hydraulics And Pneumatics
S-135,GBS Systems and Services Private Limited
S-136,Punjab National Bank
S-137,#N/A
S-138,Shakthi Printers
S-139,Conveyor Solutions India Pvt Ltd
S-140,Om Logistics Limited
S-064,Factorial Industries
S-065,#N/A
S-063,Manmeet Engineering Works
S-062,Globus Rubchem Private Limited
S-061,#N/A
S-060,Kwality Coil Products Private Limited
S-059,Tridots Tech Private Limited
S-058,MRR Embedded Systems Pvt Ltd
S-057,Pore Seals India Pvt. Ltd.
S-056,Stech Engineers Testing Machines
S-055,Altek Chemicals Private Limited
S-054,Rathna Cools Pvt Ltd
S-053,Santhosh Industries
S-052,S R I Marbo India Private Limited
S-051,New Chennai Turret Punch Company
S-050,Edizi Tools Private Limited
S-049,Dynavac India Private Limited
S-048,Energec Chem Specialities Private Limited
S-047,Elegant Rb Foods
S-046,Sandeep Petroleums
S-045,Hindustan Hydraulics & Pneumatics
S-044,Hi Tech Calibration Services
S-043,Calzone Calibration Centre
S-042,Airtel
S-041,Bsnl Chennai Telephones
S-040,Sri Iyyappa Man Power Agency
S-039,Busch Vacuum India Pvt Ltd
S-038,Electrodes & Hardeware Centre
S-037,Nakoda Polymers
S-036,Stanson Rubber Products
S-035,Amrutha Packaging
S-034,Rubber Chemical Centre
S-033,Sri Gk Industries
S-032,Productivity Solutions Private Limited
S-031,Mathura Packaging Private Limited
S-030,Micro Vision Enterprises
S-029,#N/A
S-028,Jayaraj Tools
S-027,Premier Glass Works
S-026,West Coast Polytech Llp
S-025,Micro Designs
S-024,Bombay Tools Supplying Agency Private Limited
S-023,G.B.Industries
S-022,R R Embossed Films
S-021,Lobo Metal Industries
S-020,#N/A
S-019,Mehta Doshi and Company
S-018,Amity Polymers
S-017,The Supreme Industries Ltd
S-016,Vardhaman Gift N Novelty
S-015,Sukhavasi Paper Products
S-014,Amman Engineering Works
S-013,Gulamali & Sons
S-012,K M S Steels
S-011,Tech Sea Tools Private Limited
S-010,#N/A
S-009,#N/A
S-008,Mahalakshmi Distributing Agency
S-007,Jothi Colours
S-006,Rish Industrial Services
S-005,Laser Point Technologies
S-004,Anya Enterprises Exim Private Limited
S-003,#N/A
S-002,Sri Durgai Engineering Works
S-001,#N/A
S-227,Mind-Cox Solutions
SUP-2021-00001,#N/A
VISHAKA ENTERPRISES,Vishaka Enterprises
TECHNO SPAN WEIGHING SYSTEM,Techno Span Weighing System
GEM ORION MACHINERY PRIVATE LIMITED,Gem Orion Machinery Private Limited
Shankar Trading Company (Andaman),Shankar Trading Company Andaman
Atandra Energy Pvt Ltd,Atandra Energy Private Limited
K R Industries,K R Industries
GAYATHRI ENGINEERING WORKS & GAYATHRI STEELS,Gayathri Engineering Works & Gayathri Steels
MAX POWER SERVICES,Max Power Services
ALFATEK SERVICES,Alfatek Services
Pukhraj Engineering & Chemicals Pvt. Ltd,Pukhraj Engg and Chemicals PVT LTD
SPHERE SAFE SECURE SOLUTION,Spheresafe Secure Solutions Private Limited
ADEKA India Private Limited,Adeka India Private Limited
SARAM AGENCIES,Saram Agencies
RUBY MICA COMPANY LTD,Ruby Mica Company Limited
E. und P. Wurtz GmbH & Co. KG,#N/A
LAKSHMI DEVICES,Lakshmi Devices
SALNIK SOLUTIONS,Salnik Solutions
KESAR MARKETING,Kesar Marketing
B.S.K INDUSTRIES,#N/A
ELASTOCHEMIE IMPEX INDIA LLP,Elastochemie Impex India Llp - Maharashtra
AM Packaging,Am Packaging
V.R. Weighing Solutions,#N/A
PLATING PRODUCTS,Plating Products
Tokyo Zairyo India Pvt Ltd,Tokyo Zairyo (India)Pvt.Ltd - Tamil Nadu
PERFECT PACKINGS & SEALS,Perfect Packings & Seals
Stellas Equipments private limited,Stellas Equipments Private Limited
M/s.Seal tech,#N/A
AK ENTERPRISES,#N/A
ALICO INDUSTRIAL EQUIPMENTS,Alico Industrial Equipments
HELAR MARKETING & CONSULTANTS PVT LTD,Helar Marketing and Consultants Private Limited
MA RUBBER MOULDINGS,#N/A
M/S : Q one Industries,Q One Industries
K L TRADING CORPORATION,K L Trading Corporation
NADIM STORES,Nadim Stores
SHOW LITES,Show Lites
VENUS PLASTICS,Venus Plastics
PANTEK INDUSTRIES,Pantek Industries
THIRUMAL STEEL FURNITURE,Thirumal Steel Furniture
THE ASSOCIATED AGENTS & MERCHANTS,The Associated Agents & Merchants
MS. FORMS AND PRINT,M S Forms And Print
TRADE ICON,Trade Icons
Madhu Agencies,Madhu Agencies
KPR BODY WORKS,#N/A
RISHIROOP LIMITED,Rishiroop Limited - Tamil Nadu
SWASTIKA ENTERPRISES,Swastika Enterprises
REENA ORGANICS PVT LTD,Reena Organics Pvt Ltd
MADRAS HARDWARE STORES,Madras Hardware Stores
CARBOCHEM PRODUCTS PRIVATE LIMITED,Carbochem Products Private Limited
TULSIRAM HANUMANBAGAS GILADA,Tulsiram Hanumanbagas Gilada
UMAMAGESHWARI M,Umamageshwari
SWETHA BAI R,Swetha R
MAHARASI U,#N/A
SANTHANAKUMARI M, Santhanakumari
CHANDRASEKARAN S,#N/A
VENI S,#N/A
CHITRA A,#N/A
PRABAVATHI M,#N/A
SINDHU S,#N/A
SARAVANAN G,#N/A
SELVAPRIYA S, Selvapriya
PADMA S,#N/A
PAVITHRA H,S.Pavithra
R K POLYMER,#N/A
MERCY M,#N/A
SUNITHA BAI S,Sunitha Bai.S
DEVI,S.Devi
AMSA K,#N/A
GAYATHRI R,#N/A
NANDHINI D,#N/A
AMMU,#N/A
MURUGAMMA,#N/A
P R T METAL FINISHERS,P R T Metal Finishers
SREE WAISHALI ENTERPRISES,#N/A
UMA N,#N/A
BIO LABS & LIFE SCIENCE,Bio Labs & Life Science
AARCHEM CORPORATION,Aarchem Corporation
JMF PERFORMANCE MATERIAL PRIVATE LIMITED,JMF Performance Materials Private Limited
WEST COAST POLYCHEM,West Coast Polychem
FLEXILIS PVT LTD,Flexilis Private Limited
A B BROTHERS,A B Brothers
VENLUB PETRO PRODUCTS PVT LTD,Venlub Petro Products Private Limited
MV KRISHNAARAM LABORATORIES,Mv Krishnaaram Laboratories
SRI VENKATEESWARA RUBBERS,Venlub Petro Products Private Limited
GEM CARPOCHEM PVT LTD,Gem Carpochem Pvt Ltd
PADMANABHA ELASTOSIL,Padmanabha Elastosil
PROSOL,Prosol
WASSER CHEMICALS & SYSTEM,Wasser Chemicals and Systems Private Limited
SURENDRA ELASTOMERS PVT LTD,Surendra Elastomers Pvt Ltd - Karnataka
SOUTH INDIA POLYMERS & CHEMICALS,South India Polymers & Chemicals
AVON SEALS PVT LTD,Avon Seals Private Limited
RISHIROOP POLYMERS PVT LTD,Rishiroop Polymers Pvt Ltd
TEXIM INTERNATIONAL,Texim International
SWASTIKA INC,Swastika Enterprises
SRI INDUSTRIES,Sri Industries
SOUTH INDIA RUBBER & CHEMICALS,South India Rubber & Chemicals
SIVA TECHNICAL SERVICES PVT LTD,Siva Technical Services Pvt Ltd
SERVALL INDUSTRIES,Servall Industries
SARVAN CARBOCHEM LLP,Sarvan Carbochem Llp - Maharashtra
RIDDHI POLYMERS,Riddhi Polymers
RAMCHARAN COMPANY PVT LTD,Ramcharan Company Private Limited
RAJMA INDUSTRIAL WORK,Rajma Industrial Works
RK POLYMER,R.K.Polymer
POLMANN INDIA LIMITED,Polmann India Limited - Tamil Nadu
M. K. MARKETING,M K Marketing
I R TUBES PVT LTD,I R Tubes Pvt Ltd
FOUR P INTERNATIONAL,Four P International
CEYENAR CHEMICALS PVT LTD,Ceyenar Chemicals Pvt Ltd
C.S ENTERPRISES,C.S. Enterprises
VIKAS ELASTOCHEM AGENCIES PVT LTD,Vikas Elastochem Agencies Private Limited
B P CHEMICALS,B P Chemicals - Maharashtra
Tokyo Zairyo (India)Pvt.Ltd,Tokyo Zairyo India Pvt Ltd - Haryana