Old Warehouse,New Warehouse,,,,Item Group
U3-WIP - SPP INDIA,F1 - WIP - SPP,0,Shree Polymer Products,Factory 1 - SPP,
U1-Scrap - SPP INDIA,F2 - Scrap - SPP,0,Shree Polymer Products,Factory 2 - SPP,
U1-Store - SPP INDIA,F2 - Store - SPP,0,Shree Polymer Products,Factory 2 - SPP,"Products,Finished Products"
U1 Rejection - SPP INDIA,F2 - Rejection - SPP,0,Shree Polymer Products,Factory 2 - SPP,
U2-Scrap - SPP INDIA,F1 - Scrap - SPP,0,Shree Polymer Products,Factory 1 - SPP,
U2-Store - SPP INDIA,F1 - Common Store - SPP,0,Shree Polymer Products,Factory 1 - SPP,"Shell,Consumable"
U2 Rejection - SPP INDIA,F1 - Rejection - SPP,0,Shree Polymer Products,Factory 1 - SPP,
SHREE POLYMER PRODUCTS - Unit4 - SPP INDIA,F2 - Store - SPP,0,Shree Polymer Products,Factory 2 - SPP,"Products,Finished Products"
Cutbit Warehouse - SPP INDIA,Cutbit - SPP,0,Shree Polymer Products,Factory 1 - SPP,
Packet - SPP INDIA,Packet - SPP,0,Shree Polymer Products,Raw Materials - SPP,
Fchem Bin 01 - SPP INDIA,Fchem Bin 01 - SPP,0,Shree Polymer Products,Chemical Bin - SPP,
Fchem Bin 02 - SPP INDIA,Fchem Bin 02 - SPP,0,Shree Polymer Products,Chemical Bin - SPP,
Fchem Bin 03 - SPP INDIA,Fchem Bin 03 - SPP,0,Shree Polymer Products,Chemical Bin - SPP,
Fchem Bin 04 - SPP INDIA,Fchem Bin 04 - SPP,0,Shree Polymer Products,Chemical Bin - SPP,
Fchem Bin 05 - SPP INDIA,Fchem Bin 05 - SPP,0,Shree Polymer Products,Chemical Bin - SPP,
Fchem Bin 06 - SPP INDIA,Fchem Bin 06 - SPP,0,Shree Polymer Products,Chemical Bin - SPP,
Fchem Bin 07 - SPP INDIA,Fchem Bin 07 - SPP,0,Shree Polymer Products,Chemical Bin - SPP,
Fchem Bin 08 - SPP INDIA,Fchem Bin 08 - SPP,0,Shree Polymer Products,Chemical Bin - SPP,
Fchem Bin 09 - SPP INDIA,Fchem Bin 09 - SPP,0,Shree Polymer Products,Chemical Bin - SPP,
Fchem Bin 10 - SPP INDIA,Fchem Bin 10 - SPP,0,Shree Polymer Products,Chemical Bin - SPP,
Fchem Bin 11 - SPP INDIA,Fchem Bin 11 - SPP,0,Shree Polymer Products,Chemical Bin - SPP,
Fchem Bin 12 - SPP INDIA,Fchem Bin 12 - SPP,0,Shree Polymer Products,Chemical Bin - SPP,
Fchem Bin 13 - SPP INDIA,Fchem Bin 13 - SPP,0,Shree Polymer Products,Chemical Bin - SPP,
Fchem Bin 14 - SPP INDIA,Fchem Bin 14 - SPP,0,Shree Polymer Products,Chemical Bin - SPP,
Fchem Bin 15 - SPP INDIA,Fchem Bin 15 - SPP,0,Shree Polymer Products,Chemical Bin - SPP,
Fchem Bin 16 - SPP INDIA,Fchem Bin 16 - SPP,0,Shree Polymer Products,Chemical Bin - SPP,
Fchem Bin 17 - SPP INDIA,Fchem Bin 17 - SPP,0,Shree Polymer Products,Chemical Bin - SPP,
Fchem Bin 18 - SPP INDIA,Fchem Bin 18 - SPP,0,Shree Polymer Products,Chemical Bin - SPP,
Fchem Bin 19 - SPP INDIA,Fchem Bin 19 - SPP,0,Shree Polymer Products,Chemical Bin - SPP,
Fchem Bin 20 - SPP INDIA,Fchem Bin 20 - SPP,0,Shree Polymer Products,Chemical Bin - SPP,
Fchem Bin 21 - SPP INDIA,Fchem Bin 21 - SPP,0,Shree Polymer Products,Chemical Bin - SPP,
Fchem Bin 22 - SPP INDIA,Fchem Bin 22 - SPP,0,Shree Polymer Products,Chemical Bin - SPP,
Fchem Bin 23 - SPP INDIA,Fchem Bin 23 - SPP,0,Shree Polymer Products,Chemical Bin - SPP,
Fchem Bin 24 - SPP INDIA,Fchem Bin 24 - SPP,0,Shree Polymer Products,Chemical Bin - SPP,
Fchem Bin 25 - SPP INDIA,Fchem Bin 25 - SPP,0,Shree Polymer Products,Chemical Bin - SPP,
Fchem Bin 26 - SPP INDIA,Fchem Bin 26 - SPP,0,Shree Polymer Products,Chemical Bin - SPP,
Fchem Bin 27 - SPP INDIA,Fchem Bin 27 - SPP,0,Shree Polymer Products,Chemical Bin - SPP,
Fchem Bin 28 - SPP INDIA,Fchem Bin 28 - SPP,0,Shree Polymer Products,Chemical Bin - SPP,
Fchem Bin 29 - SPP INDIA,Fchem Bin 29 - SPP,0,Shree Polymer Products,Chemical Bin - SPP,
Fchem Bin 30 - SPP INDIA,Fchem Bin 30 - SPP,0,Shree Polymer Products,Chemical Bin - SPP,
Fchem Bin 31 - SPP INDIA,Fchem Bin 31 - SPP,0,Shree Polymer Products,Chemical Bin - SPP,
Fchem Bin 32 - SPP INDIA,Fchem Bin 32 - SPP,0,Shree Polymer Products,Chemical Bin - SPP,
Fchem Bin 33 - SPP INDIA,Fchem Bin 33 - SPP,0,Shree Polymer Products,Chemical Bin - SPP,
Fchem Bin 34 - SPP INDIA,Fchem Bin 34 - SPP,0,Shree Polymer Products,Chemical Bin - SPP,
Fchem Bin 35 - SPP INDIA,Fchem Bin 35 - SPP,0,Shree Polymer Products,Chemical Bin - SPP,
Fchem Bin 36 - SPP INDIA,Fchem Bin 36 - SPP,0,Shree Polymer Products,Chemical Bin - SPP,
Fchem Bin 37 - SPP INDIA,Fchem Bin 37 - SPP,0,Shree Polymer Products,Chemical Bin - SPP,
Fchem Bin 38 - SPP INDIA,Fchem Bin 38 - SPP,0,Shree Polymer Products,Chemical Bin - SPP,
Fchem Bin 39 - SPP INDIA,Fchem Bin 39 - SPP,0,Shree Polymer Products,Chemical Bin - SPP,
Fchem Bin 40 - SPP INDIA,Fchem Bin 40 - SPP,0,Shree Polymer Products,Chemical Bin - SPP,
Fchem Bin 41 - SPP INDIA,Fchem Bin 41 - SPP,0,Shree Polymer Products,Chemical Bin - SPP,
Fchem Bin 42 - SPP INDIA,Fchem Bin 42 - SPP,0,Shree Polymer Products,Chemical Bin - SPP,
Fchem Bin 43 - SPP INDIA,Fchem Bin 43 - SPP,0,Shree Polymer Products,Chemical Bin - SPP,
Fchem Bin 44 - SPP INDIA,Fchem Bin 44 - SPP,0,Shree Polymer Products,Chemical Bin - SPP,
Incoming Store - SPP INDIA,Incoming Store - SPP,0,Shree Polymer Products,Raw Materials - SPP,"Carbon,Chemical,Chemicals,MOULD,Other,Plastisizer,Rubber"
Sheeting Warehouse - SPP INDIA,Sheeting - SPP,0,Shree Polymer Products,Factory 1 - SPP,
Sheeting Warehouse - SPP INDIA,PreForming - SPP,0,Shree Polymer Products,Factory 1 - SPP,
,Goods In Transit - SPP,0,Shree Polymer Products,All Warehouses - SPP,
U3-Store - SPP INDIA,Mixing Center - SPP,1,Shree Polymer Products,Factory 1 - SPP,"Batch,Master Batch,Final Batch"
Deflashing Vendors - SPP INDIA,Deflashing Vendors - SPP,1,Shree Polymer Products,Sub Contractor - SPP,
,Phosphating - SPP,1,Shree Polymer Products,Sub Contractor - SPP,
U2-Store - SPP INDIA,Factory 1 - SPP,1,Shree Polymer Products,All Warehouses - SPP,
Raw Materials - SPP INDIA,Raw Materials - SPP,1,Shree Polymer Products,Factory 1 - SPP,
Sub Contractor - SPP INDIA,Sub Contractor - SPP,1,Shree Polymer Products,Factory 1 - SPP,
Chemical Bin - SPP INDIA,Chemical Bin - SPP,1,Shree Polymer Products,Raw Materials - SPP,
U1-Store - SPP INDIA,Factory 2 - SPP,1,Shree Polymer Products,All Warehouses - SPP,
,All Warehouses - SPP,1,Shree Polymer Products,,
U3-Store - SPP INDIA,Compound - SPP,0,Shree Polymer Products,,Compound
U2-Store - SPP INDIA,F1 - Mezzanine - SPP,0,Shree Polymer Products,Factory 1 - SPP,"Products,Finished Products"
U2-Store - SPP INDIA,F1 - Moulded - SPP,0,Shree Polymer Products,Factory 1 - SPP,Mat
Stores - SPP,F1 -  Store - SPP,0,Shree Polymer Products,Factory 1 - SPP